date_time,shop_name,sold_count,favorites,review_score,review_count,listing_active_count
2022-08-30 18:00:01.928366,NurseryRx,1285,1196,4.9464,597,25
2022-08-30 18:00:02.144865,JoyOfPlants,14641,6383,4.8649,1932,215
2022-08-30 18:00:02.400166,TWPTropical,12534,8188,4.6326,675,0
2022-08-30 18:00:02.717753,Botanicaz,46765,25035,4.907,8086,459
2022-08-30 18:00:02.956255,YourPlantBitch,10687,2735,4.3059,1471,294
2022-08-30 18:00:03.189455,PremierAesthetic,400,217,4.8644,177,65
2022-08-30 18:00:03.463564,PlantedPortland,12498,4013,4.7501,5095,164
2022-08-30 18:00:03.674851,MyPlantObsession,61514,9711,4.9031,4893,191
2022-08-30 18:00:03.983804,305Greenery,827,997,4.8871,248,302
2022-08-30 18:00:04.278245,WellspringGardens,72234,10495,4.7043,3108,243
2022-08-30 18:00:04.494504,VerdantLyfe,787,245,4.8667,120,163
2022-08-30 18:00:04.710092,coollectiveplants,5687,1726,4.8744,1274,57
2022-08-30 18:00:04.952800,HirtsGardens,302869,42439,4.8334,18972,873
2022-08-30 18:00:05.179996,lazygardens,30478,6387,4.9203,929,188
2022-08-30 18:00:05.413037,FloridaPlantsGardens,84430,16076,4.8573,8578,174
2022-08-30 18:00:05.741308,TheGreenEscape,107350,22472,4.8427,26697,504
2022-08-30 19:00:02.499798,NurseryRx,1285,1196,4.9464,597,25
2022-08-30 19:00:02.729954,JoyOfPlants,14642,6385,4.8649,1932,214
2022-08-30 19:00:02.974402,TWPTropical,12534,8188,4.6326,675,0
2022-08-30 19:00:03.213931,Botanicaz,46768,25037,4.907,8085,456
2022-08-30 19:00:03.422391,YourPlantBitch,10690,2735,4.3059,1471,294
2022-08-30 19:00:03.645573,PremierAesthetic,400,217,4.8659,179,65
2022-08-30 19:00:03.882682,PlantedPortland,12504,4016,4.75,5100,164
2022-08-30 19:00:04.130405,MyPlantObsession,61514,9711,4.9031,4891,191
2022-08-30 19:00:04.409040,305Greenery,827,997,4.8871,248,302
2022-08-30 19:00:04.674416,WellspringGardens,72235,10495,4.7043,3108,243
2022-08-30 19:00:04.926714,VerdantLyfe,787,245,4.8667,120,163
2022-08-30 19:00:05.191322,coollectiveplants,5693,1727,4.8744,1274,57
2022-08-30 19:00:05.498626,HirtsGardens,302874,42439,4.8334,18972,873
2022-08-30 19:00:05.771006,lazygardens,30478,6387,4.9203,928,188
2022-08-30 19:00:06.039732,FloridaPlantsGardens,84431,16077,4.857,8579,174
2022-08-30 19:00:06.557789,TheGreenEscape,107406,22475,4.8428,26703,512
2022-08-30 20:00:02.269571,NurseryRx,1285,1198,4.9464,597,25
2022-08-30 20:00:02.492677,JoyOfPlants,14642,6386,4.8648,1931,214
2022-08-30 20:00:02.740160,TWPTropical,12534,8188,4.6326,675,0
2022-08-30 20:00:03.000102,Botanicaz,46770,25039,4.907,8083,450
2022-08-30 20:00:03.218418,YourPlantBitch,10691,2736,4.3064,1472,294
2022-08-30 20:00:03.448295,PremierAesthetic,400,219,4.8659,179,65
2022-08-30 20:00:03.709002,PlantedPortland,12506,4022,4.7496,5104,163
2022-08-30 20:00:03.924004,MyPlantObsession,61515,9711,4.9031,4893,191
2022-08-30 20:00:04.163912,305Greenery,827,997,4.8871,248,302
2022-08-30 20:00:04.395052,WellspringGardens,72235,10497,4.7047,3112,243
2022-08-30 20:00:04.620015,VerdantLyfe,788,245,4.8667,120,163
2022-08-30 20:00:04.889607,coollectiveplants,5696,1727,4.8744,1274,57
2022-08-30 20:00:05.130397,HirtsGardens,302888,42439,4.8334,18970,873
2022-08-30 20:00:05.354261,lazygardens,30478,6387,4.9203,928,188
2022-08-30 20:00:05.579540,FloridaPlantsGardens,84434,16077,4.857,8578,174
2022-08-30 20:00:05.901675,TheGreenEscape,107410,22479,4.8428,26710,513
2022-08-30 20:30:02.638205,NurseryRx,1285,1198,4.9464,597,25
2022-08-30 20:30:02.892613,JoyOfPlants,14643,6386,4.8648,1931,212
2022-08-30 20:30:03.120679,TWPTropical,12534,8188,4.6326,675,0
2022-08-30 20:30:03.393049,Botanicaz,46772,25041,4.907,8083,452
2022-08-30 20:30:03.625091,YourPlantBitch,10692,2737,4.3064,1472,294
2022-08-30 20:30:03.954252,PremierAesthetic,400,219,4.8659,179,65
2022-08-30 20:30:04.176748,PlantedPortland,12509,4023,4.7497,5105,163
2022-08-30 20:30:04.404328,MyPlantObsession,61516,9711,4.9031,4891,191
2022-08-30 20:30:04.619700,305Greenery,827,997,4.8871,248,302
2022-08-30 20:30:04.878678,WellspringGardens,72235,10497,4.7047,3112,243
2022-08-30 20:30:05.129253,VerdantLyfe,788,245,4.8667,120,163
2022-08-30 20:30:05.336094,coollectiveplants,5699,1729,4.8746,1276,57
2022-08-30 20:30:05.553797,HirtsGardens,302891,42441,4.8334,18970,873
2022-08-30 20:30:05.775793,lazygardens,30480,6387,4.9203,928,188
2022-08-30 20:30:06.030647,FloridaPlantsGardens,84434,16078,4.8569,8577,174
2022-08-30 20:30:06.336313,TheGreenEscape,107417,22480,4.8427,26713,513
2022-08-30 21:00:02.079911,NurseryRx,1285,1198,4.9464,597,25
2022-08-30 21:00:02.387410,JoyOfPlants,14644,6386,4.8648,1930,211
2022-08-30 21:00:02.688398,TWPTropical,12534,8188,4.6326,675,0
2022-08-30 21:00:02.932048,Botanicaz,46779,25043,4.907,8082,446
2022-08-30 21:00:03.164120,YourPlantBitch,10700,2737,4.3064,1472,294
2022-08-30 21:00:03.429344,PremierAesthetic,408,219,4.8659,179,62
2022-08-30 21:00:03.685233,PlantedPortland,12509,4024,4.7497,5105,166
2022-08-30 21:00:03.938109,MyPlantObsession,61517,9711,4.9031,4891,191
2022-08-30 21:00:04.198649,305Greenery,827,997,4.8871,248,302
2022-08-30 21:00:04.465374,WellspringGardens,72237,10497,4.7047,3112,243
2022-08-30 21:00:04.704145,VerdantLyfe,788,245,4.8667,120,163
2022-08-30 21:00:04.947627,coollectiveplants,5701,1730,4.8747,1277,56
2022-08-30 21:00:05.178166,HirtsGardens,302894,42442,4.8334,18970,872
2022-08-30 21:00:05.505257,lazygardens,30480,6387,4.9202,927,188
2022-08-30 21:00:05.760721,FloridaPlantsGardens,84434,16078,4.8569,8577,174
2022-08-30 21:00:06.133574,TheGreenEscape,107425,22482,4.8426,26717,512
2022-08-30 21:30:01.830136,NurseryRx,1285,1198,4.9464,597,25
2022-08-30 21:30:02.095850,JoyOfPlants,14644,6386,4.8648,1930,211
2022-08-30 21:30:02.394237,TWPTropical,12534,8188,4.6326,675,0
2022-08-30 21:30:02.639165,Botanicaz,46779,25042,4.907,8082,452
2022-08-30 21:30:02.923829,YourPlantBitch,10700,2737,4.3064,1472,294
2022-08-30 21:30:03.224403,PremierAesthetic,409,219,4.8659,179,61
2022-08-30 21:30:03.465815,PlantedPortland,12510,4025,4.7497,5105,166
2022-08-30 21:30:03.719922,MyPlantObsession,61519,9712,4.9031,4891,191
2022-08-30 21:30:04.009282,305Greenery,827,997,4.8871,248,302
2022-08-30 21:30:04.315675,WellspringGardens,72237,10497,4.7047,3112,243
2022-08-30 21:30:04.570836,VerdantLyfe,788,245,4.8667,120,163
2022-08-30 21:30:04.817157,coollectiveplants,5702,1730,4.8747,1277,56
2022-08-30 21:30:05.085578,HirtsGardens,302895,42443,4.8334,18972,872
2022-08-30 21:30:05.394849,lazygardens,30480,6387,4.9202,927,188
2022-08-30 21:30:05.645968,FloridaPlantsGardens,84434,16078,4.8569,8576,174
2022-08-30 21:30:06.046187,TheGreenEscape,107438,22483,4.8426,26722,512
2022-08-30 22:00:01.727047,NurseryRx,1285,1198,4.9464,597,25
2022-08-30 22:00:01.953150,JoyOfPlants,14644,6386,4.8648,1930,211
2022-08-30 22:00:02.209025,TWPTropical,12534,8188,4.6326,675,0
2022-08-30 22:00:02.446046,Botanicaz,46780,25043,4.907,8082,478
2022-08-30 22:00:02.667825,YourPlantBitch,10700,2737,4.3064,1472,294
2022-08-30 22:00:02.973688,PremierAesthetic,411,220,4.8659,179,61
2022-08-30 22:00:03.196130,PlantedPortland,12511,4026,4.7497,5105,166
2022-08-30 22:00:03.437987,MyPlantObsession,61521,9712,4.9031,4891,191
2022-08-30 22:00:03.750557,305Greenery,829,998,4.8871,248,302
2022-08-30 22:00:04.018028,WellspringGardens,72237,10498,4.7047,3112,243
2022-08-30 22:00:04.291432,VerdantLyfe,788,245,4.8667,120,163
2022-08-30 22:00:04.519805,coollectiveplants,5703,1730,4.8747,1277,56
2022-08-30 22:00:04.757846,HirtsGardens,302895,42443,4.8334,18972,872
2022-08-30 22:00:04.995059,lazygardens,30480,6387,4.9202,927,188
2022-08-30 22:00:05.220841,FloridaPlantsGardens,84435,16078,4.8569,8576,174
2022-08-30 22:00:05.584651,TheGreenEscape,107454,22486,4.8425,26719,512
2022-08-30 22:30:02.300536,NurseryRx,1285,1198,4.9464,597,25
2022-08-30 22:30:02.523194,JoyOfPlants,14644,6386,4.8648,1930,211
2022-08-30 22:30:02.813435,TWPTropical,12534,8188,4.6326,675,0
2022-08-30 22:30:03.049425,Botanicaz,46781,25043,4.907,8082,487
2022-08-30 22:30:03.269716,YourPlantBitch,10700,2737,4.3064,1472,294
2022-08-30 22:30:03.495059,PremierAesthetic,412,220,4.8659,179,64
2022-08-30 22:30:03.763049,PlantedPortland,12515,4029,4.7497,5105,166
2022-08-30 22:30:04.015100,MyPlantObsession,61521,9712,4.9031,4891,191
2022-08-30 22:30:04.252881,305Greenery,829,998,4.8871,248,302
2022-08-30 22:30:04.502796,WellspringGardens,72237,10498,4.7048,3113,243
2022-08-30 22:30:04.733303,VerdantLyfe,788,245,4.8667,120,163
2022-08-30 22:30:05.067473,coollectiveplants,5707,1730,4.8747,1277,56
2022-08-30 22:30:05.380323,HirtsGardens,302906,42444,4.8334,18970,872
2022-08-30 22:30:05.607453,lazygardens,30480,6387,4.9202,927,188
2022-08-30 22:30:05.922898,FloridaPlantsGardens,84436,16079,4.8569,8576,174
2022-08-30 22:30:06.230181,TheGreenEscape,107459,22486,4.8426,26722,513
2022-08-30 23:00:02.217175,NurseryRx,1285,1198,4.9464,597,25
2022-08-30 23:00:02.528440,JoyOfPlants,14645,6387,4.8648,1930,211
2022-08-30 23:00:02.937790,TWPTropical,12534,8188,4.6326,675,0
2022-08-30 23:00:03.246556,Botanicaz,46781,25043,4.907,8082,487
2022-08-30 23:00:03.556029,YourPlantBitch,10700,2738,4.3064,1472,294
2022-08-30 23:00:03.872932,PremierAesthetic,412,220,4.8659,179,65
2022-08-30 23:00:04.155603,PlantedPortland,12516,4029,4.7497,5105,166
2022-08-30 23:00:04.457028,MyPlantObsession,61521,9712,4.9031,4891,191
2022-08-30 23:00:04.754525,305Greenery,829,998,4.8871,248,302
2022-08-30 23:00:05.108364,WellspringGardens,72237,10498,4.7048,3113,243
2022-08-30 23:00:05.415908,VerdantLyfe,788,245,4.8667,120,163
2022-08-30 23:00:05.711231,coollectiveplants,5708,1731,4.8747,1277,56
2022-08-30 23:00:06.016046,HirtsGardens,302907,42445,4.8334,18970,872
2022-08-30 23:00:06.338477,lazygardens,30480,6387,4.9202,927,188
2022-08-30 23:00:06.663473,FloridaPlantsGardens,84436,16079,4.8569,8576,174
2022-08-30 23:00:07.045804,TheGreenEscape,107474,22486,4.8426,26728,511
2022-08-30 23:30:01.796825,NurseryRx,1285,1198,4.9464,597,25
2022-08-30 23:30:02.048362,JoyOfPlants,14645,6387,4.8647,1929,211
2022-08-30 23:30:02.350464,TWPTropical,12534,8188,4.6326,675,0
2022-08-30 23:30:02.594841,Botanicaz,46782,25043,4.907,8082,486
2022-08-30 23:30:02.868759,YourPlantBitch,10700,2738,4.3064,1472,294
2022-08-30 23:30:03.133428,PremierAesthetic,412,220,4.8659,179,65
2022-08-30 23:30:03.381527,PlantedPortland,12516,4029,4.7497,5106,161
2022-08-30 23:30:03.622179,MyPlantObsession,61521,9712,4.9031,4891,191
2022-08-30 23:30:03.859300,305Greenery,829,998,4.8871,248,302
2022-08-30 23:30:04.114155,WellspringGardens,72237,10498,4.7049,3114,243
2022-08-30 23:30:04.352582,VerdantLyfe,788,245,4.8667,120,163
2022-08-30 23:30:04.660954,coollectiveplants,5708,1731,4.8747,1277,56
2022-08-30 23:30:04.895411,HirtsGardens,302907,42446,4.8334,18970,872
2022-08-30 23:30:05.163652,lazygardens,30480,6387,4.9202,927,188
2022-08-30 23:30:05.405231,FloridaPlantsGardens,84436,16079,4.8569,8576,174
2022-08-30 23:30:05.744255,TheGreenEscape,107483,22486,4.8425,26729,511
2022-08-31 00:00:02.576278,NurseryRx,1285,1198,4.9464,597,25
2022-08-31 00:00:02.792279,JoyOfPlants,14645,6387,4.8647,1929,211
2022-08-31 00:00:03.036583,TWPTropical,12534,8188,4.6326,675,0
2022-08-31 00:00:03.459532,Botanicaz,46782,25044,4.907,8082,487
2022-08-31 00:00:03.711130,YourPlantBitch,10700,2738,4.3064,1472,294
2022-08-31 00:00:03.987451,PremierAesthetic,412,220,4.8659,179,65
2022-08-31 00:00:04.269668,PlantedPortland,12517,4029,4.7497,5106,161
2022-08-31 00:00:04.531179,MyPlantObsession,61522,9712,4.9031,4893,191
2022-08-31 00:00:04.759014,305Greenery,829,998,4.8871,248,302
2022-08-31 00:00:05.033965,WellspringGardens,72237,10498,4.7049,3114,243
2022-08-31 00:00:05.294261,VerdantLyfe,788,245,4.8667,120,163
2022-08-31 00:00:05.506653,coollectiveplants,5708,1732,4.8747,1277,56
2022-08-31 00:00:05.727948,HirtsGardens,302907,42446,4.8334,18970,872
2022-08-31 00:00:05.953628,lazygardens,30480,6387,4.9202,927,188
2022-08-31 00:00:06.170343,FloridaPlantsGardens,84437,16080,4.8569,8576,174
2022-08-31 00:00:06.494777,TheGreenEscape,107487,22486,4.8425,26729,511
2022-08-31 00:30:02.258526,NurseryRx,1285,1198,4.9464,597,25
2022-08-31 00:30:02.493834,JoyOfPlants,14645,6388,4.8647,1929,211
2022-08-31 00:30:02.751831,TWPTropical,12534,8188,4.6326,675,0
2022-08-31 00:30:02.984737,Botanicaz,46782,25044,4.907,8082,488
2022-08-31 00:30:03.267762,YourPlantBitch,10700,2738,4.3064,1472,294
2022-08-31 00:30:03.508679,PremierAesthetic,412,220,4.8659,179,65
2022-08-31 00:30:03.738072,PlantedPortland,12517,4029,4.7497,5106,161
2022-08-31 00:30:03.991149,MyPlantObsession,61522,9712,4.9031,4893,191
2022-08-31 00:30:04.242779,305Greenery,829,998,4.8871,248,302
2022-08-31 00:30:04.472874,WellspringGardens,72237,10498,4.7049,3114,243
2022-08-31 00:30:04.697069,VerdantLyfe,788,245,4.8667,120,163
2022-08-31 00:30:04.932253,coollectiveplants,5708,1732,4.8747,1277,56
2022-08-31 00:30:05.186842,HirtsGardens,302907,42446,4.8334,18970,872
2022-08-31 00:30:05.421804,lazygardens,30480,6387,4.9202,927,188
2022-08-31 00:30:05.669364,FloridaPlantsGardens,84437,16080,4.8569,8576,174
2022-08-31 00:30:05.978506,TheGreenEscape,107489,22486,4.8425,26729,511
2022-08-31 01:00:01.724270,NurseryRx,1285,1198,4.9464,597,25
2022-08-31 01:00:01.950611,JoyOfPlants,14645,6388,4.8647,1929,211
2022-08-31 01:00:02.232377,TWPTropical,12534,8188,4.6326,675,0
2022-08-31 01:00:02.482379,Botanicaz,46784,25044,4.907,8082,486
2022-08-31 01:00:02.704567,YourPlantBitch,10700,2738,4.3064,1472,294
2022-08-31 01:00:03.002117,PremierAesthetic,412,220,4.8659,179,65
2022-08-31 01:00:03.283775,PlantedPortland,12519,4029,4.7497,5106,161
2022-08-31 01:00:03.605785,MyPlantObsession,61522,9712,4.9031,4893,191
2022-08-31 01:00:03.891351,305Greenery,829,998,4.8871,248,302
2022-08-31 01:00:04.127648,WellspringGardens,72237,10498,4.7049,3114,243
2022-08-31 01:00:04.365080,VerdantLyfe,788,245,4.8667,120,163
2022-08-31 01:00:04.609428,coollectiveplants,5709,1733,4.8747,1277,56
2022-08-31 01:00:04.861988,HirtsGardens,302908,42446,4.8334,18970,872
2022-08-31 01:00:05.096328,lazygardens,30480,6387,4.9202,927,188
2022-08-31 01:00:05.347008,FloridaPlantsGardens,84437,16080,4.8566,8578,174
2022-08-31 01:00:05.698751,TheGreenEscape,107489,22486,4.8424,26732,511
2022-08-31 01:30:02.449523,NurseryRx,1285,1198,4.9464,597,25
2022-08-31 01:30:02.677768,JoyOfPlants,14645,6388,4.8647,1929,211
2022-08-31 01:30:02.906565,TWPTropical,12534,8188,4.6326,675,0
2022-08-31 01:30:03.184769,Botanicaz,46784,25044,4.907,8082,486
2022-08-31 01:30:03.390098,YourPlantBitch,10700,2738,4.3064,1472,294
2022-08-31 01:30:03.622945,PremierAesthetic,412,220,4.8659,179,65
2022-08-31 01:30:03.850051,PlantedPortland,12520,4031,4.7497,5106,161
2022-08-31 01:30:04.077695,MyPlantObsession,61522,9712,4.9031,4893,191
2022-08-31 01:30:04.330716,305Greenery,829,998,4.8871,248,302
2022-08-31 01:30:04.556665,WellspringGardens,72238,10498,4.7051,3116,243
2022-08-31 01:30:04.789691,VerdantLyfe,788,245,4.8667,120,163
2022-08-31 01:30:05.010233,coollectiveplants,5709,1733,4.8747,1277,56
2022-08-31 01:30:05.247624,HirtsGardens,302908,42446,4.8334,18970,872
2022-08-31 01:30:05.486695,lazygardens,30480,6387,4.9202,927,188
2022-08-31 01:30:05.734698,FloridaPlantsGardens,84437,16080,4.8566,8578,174
2022-08-31 01:30:06.073651,TheGreenEscape,107489,22486,4.8424,26732,511
2022-08-31 02:00:01.861486,NurseryRx,1285,1198,4.9464,597,25
2022-08-31 02:00:02.093092,JoyOfPlants,14645,6388,4.8647,1929,211
2022-08-31 02:00:02.365673,TWPTropical,12534,8188,4.6326,675,0
2022-08-31 02:00:02.658956,Botanicaz,46785,25044,4.907,8082,485
2022-08-31 02:00:02.943437,YourPlantBitch,10701,2738,4.3064,1472,294
2022-08-31 02:00:03.231130,PremierAesthetic,412,220,4.8659,179,65
2022-08-31 02:00:03.614693,PlantedPortland,12520,4032,4.7497,5106,161
2022-08-31 02:00:03.824481,MyPlantObsession,61523,9712,4.9031,4893,191
2022-08-31 02:00:04.049362,305Greenery,829,998,4.8871,248,302
2022-08-31 02:00:04.273948,WellspringGardens,72238,10498,4.7051,3116,243
2022-08-31 02:00:04.512904,VerdantLyfe,788,245,4.8667,120,163
2022-08-31 02:00:04.752783,coollectiveplants,5709,1733,4.8747,1277,56
2022-08-31 02:00:04.974394,HirtsGardens,302908,42446,4.8334,18970,872
2022-08-31 02:00:05.196916,lazygardens,30480,6387,4.9202,927,188
2022-08-31 02:00:05.419252,FloridaPlantsGardens,84437,16081,4.8566,8578,174
2022-08-31 02:00:05.741902,TheGreenEscape,107499,22487,4.8424,26732,511
2022-08-31 02:30:02.499073,NurseryRx,1285,1198,4.9464,597,25
2022-08-31 02:30:03.822703,JoyOfPlants,14645,6388,4.8647,1929,211
2022-08-31 02:30:04.069744,TWPTropical,12534,8188,4.6326,675,0
2022-08-31 02:30:04.318286,Botanicaz,46785,25044,4.907,8082,485
2022-08-31 02:30:04.575592,YourPlantBitch,10701,2738,4.3064,1472,294
2022-08-31 02:30:04.836014,PremierAesthetic,413,220,4.8659,179,65
2022-08-31 02:30:05.062959,PlantedPortland,12521,4032,4.7497,5106,160
2022-08-31 02:30:05.344597,MyPlantObsession,61523,9712,4.9031,4893,191
2022-08-31 02:30:05.592124,305Greenery,829,998,4.8871,248,302
2022-08-31 02:30:05.852993,WellspringGardens,72238,10498,4.7051,3116,243
2022-08-31 02:30:06.110572,VerdantLyfe,788,245,4.8667,120,163
2022-08-31 02:30:06.340610,coollectiveplants,5712,1734,4.8747,1277,56
2022-08-31 02:30:06.599363,HirtsGardens,302909,42446,4.8334,18970,872
2022-08-31 02:30:06.854777,lazygardens,30480,6387,4.9202,927,188
2022-08-31 02:30:07.098672,FloridaPlantsGardens,84438,16081,4.8566,8578,174
2022-08-31 02:30:07.440422,TheGreenEscape,107504,22489,4.8423,26733,511
2022-08-31 03:00:02.203130,NurseryRx,1285,1198,4.9464,597,25
2022-08-31 03:00:02.466709,JoyOfPlants,14645,6388,4.8647,1929,211
2022-08-31 03:00:02.815680,TWPTropical,12534,8188,4.6326,675,0
2022-08-31 03:00:03.065140,Botanicaz,46785,25044,4.907,8082,485
2022-08-31 03:00:03.298127,YourPlantBitch,10701,2738,4.3064,1472,294
2022-08-31 03:00:03.606255,PremierAesthetic,413,220,4.8659,179,65
2022-08-31 03:00:03.881236,PlantedPortland,12521,4032,4.7497,5106,160
2022-08-31 03:00:04.123255,MyPlantObsession,61528,9712,4.9031,4893,190
2022-08-31 03:00:04.353142,305Greenery,829,998,4.8871,248,302
2022-08-31 03:00:04.594580,WellspringGardens,72238,10498,4.7051,3116,243
2022-08-31 03:00:04.875518,VerdantLyfe,788,245,4.8667,120,163
2022-08-31 03:00:05.134068,coollectiveplants,5712,1735,4.8747,1277,56
2022-08-31 03:00:05.377180,HirtsGardens,302913,42446,4.8334,18970,872
2022-08-31 03:00:05.639990,lazygardens,30480,6387,4.9202,927,188
2022-08-31 03:00:05.862955,FloridaPlantsGardens,84439,16081,4.8566,8578,174
2022-08-31 03:00:06.184036,TheGreenEscape,107505,22489,4.8423,26733,510
2022-08-31 03:30:01.919715,NurseryRx,1285,1198,4.9464,597,25
2022-08-31 03:30:02.146816,JoyOfPlants,14645,6388,4.8647,1929,211
2022-08-31 03:30:02.396395,TWPTropical,12534,8188,4.6326,675,0
2022-08-31 03:30:02.637821,Botanicaz,46786,25045,4.907,8082,484
2022-08-31 03:30:02.861028,YourPlantBitch,10701,2738,4.3069,1473,294
2022-08-31 03:30:03.166809,PremierAesthetic,413,220,4.8659,179,65
2022-08-31 03:30:03.427358,PlantedPortland,12521,4032,4.7497,5106,160
2022-08-31 03:30:03.653785,MyPlantObsession,61528,9712,4.9031,4893,190
2022-08-31 03:30:04.010843,305Greenery,829,998,4.8871,248,302
2022-08-31 03:30:04.226020,WellspringGardens,72238,10498,4.7051,3116,243
2022-08-31 03:30:04.466384,VerdantLyfe,788,245,4.8667,120,163
2022-08-31 03:30:04.687159,coollectiveplants,5712,1735,4.8747,1277,56
2022-08-31 03:30:04.901880,HirtsGardens,302913,42446,4.8334,18970,872
2022-08-31 03:30:05.119897,lazygardens,30480,6387,4.9202,927,188
2022-08-31 03:30:05.332258,FloridaPlantsGardens,84439,16081,4.8566,8578,174
2022-08-31 03:30:05.660487,TheGreenEscape,107509,22489,4.8423,26733,510
2022-08-31 04:00:02.391382,NurseryRx,1285,1198,4.9464,597,25
2022-08-31 04:00:02.655699,JoyOfPlants,14645,6388,4.8647,1929,211
2022-08-31 04:00:03.069584,TWPTropical,12534,8188,4.6326,675,0
2022-08-31 04:00:03.362493,Botanicaz,46786,25045,4.907,8082,484
2022-08-31 04:00:03.627050,YourPlantBitch,10701,2738,4.3069,1473,294
2022-08-31 04:00:03.952027,PremierAesthetic,413,220,4.8659,179,65
2022-08-31 04:00:04.317465,PlantedPortland,12521,4032,4.7497,5106,160
2022-08-31 04:00:04.600737,MyPlantObsession,61528,9712,4.9031,4893,190
2022-08-31 04:00:04.930945,305Greenery,829,998,4.8871,248,302
2022-08-31 04:00:05.233626,WellspringGardens,72238,10498,4.7051,3116,243
2022-08-31 04:00:05.482531,VerdantLyfe,788,245,4.8667,120,163
2022-08-31 04:00:05.760795,coollectiveplants,5712,1735,4.8747,1277,56
2022-08-31 04:00:06.013523,HirtsGardens,302913,42446,4.8334,18970,872
2022-08-31 04:00:06.275621,lazygardens,30480,6387,4.9202,927,188
2022-08-31 04:00:06.523456,FloridaPlantsGardens,84439,16081,4.8566,8578,174
2022-08-31 04:00:06.885301,TheGreenEscape,107515,22490,4.8423,26733,510
2022-08-31 04:30:02.642845,NurseryRx,1285,1198,4.9464,597,25
2022-08-31 04:30:02.924119,JoyOfPlants,14645,6388,4.8647,1929,211
2022-08-31 04:30:03.241922,TWPTropical,12534,8188,4.6326,675,0
2022-08-31 04:30:03.514436,Botanicaz,46786,25045,4.907,8082,484
2022-08-31 04:30:03.778717,YourPlantBitch,10702,2738,4.3069,1473,294
2022-08-31 04:30:04.078230,PremierAesthetic,414,220,4.8659,179,65
2022-08-31 04:30:04.350477,PlantedPortland,12523,4032,4.7497,5106,160
2022-08-31 04:30:04.613895,MyPlantObsession,61529,9712,4.9031,4893,189
2022-08-31 04:30:04.951363,305Greenery,829,998,4.8871,248,302
2022-08-31 04:30:05.220237,WellspringGardens,72239,10498,4.7051,3116,243
2022-08-31 04:30:05.516971,VerdantLyfe,788,245,4.8667,120,163
2022-08-31 04:30:05.771126,coollectiveplants,5712,1735,4.8747,1277,56
2022-08-31 04:30:06.019289,HirtsGardens,302913,42446,4.8334,18970,872
2022-08-31 04:30:06.269964,lazygardens,30480,6387,4.9202,927,188
2022-08-31 04:30:06.536064,FloridaPlantsGardens,84439,16081,4.8566,8578,174
2022-08-31 04:30:06.887725,TheGreenEscape,107515,22491,4.8423,26733,510
2022-08-31 05:00:02.615094,NurseryRx,1285,1198,4.9464,597,25
2022-08-31 05:00:02.840665,JoyOfPlants,14645,6388,4.8647,1929,211
2022-08-31 05:00:03.163519,TWPTropical,12534,8188,4.6326,675,0
2022-08-31 05:00:03.400933,Botanicaz,46786,25045,4.907,8082,484
2022-08-31 05:00:03.598479,YourPlantBitch,10703,2738,4.3069,1473,294
2022-08-31 05:00:03.848827,PremierAesthetic,414,220,4.8659,179,65
2022-08-31 05:00:04.090066,PlantedPortland,12523,4032,4.7497,5106,160
2022-08-31 05:00:04.329464,MyPlantObsession,61529,9712,4.9031,4893,189
2022-08-31 05:00:04.566102,305Greenery,829,998,4.8871,248,302
2022-08-31 05:00:04.794081,WellspringGardens,72239,10498,4.7051,3116,243
2022-08-31 05:00:05.042033,VerdantLyfe,788,245,4.8667,120,163
2022-08-31 05:00:05.247127,coollectiveplants,5712,1735,4.8747,1277,56
2022-08-31 05:00:05.464466,HirtsGardens,302913,42446,4.8334,18970,872
2022-08-31 05:00:05.695533,lazygardens,30480,6387,4.9202,927,188
2022-08-31 05:00:05.922590,FloridaPlantsGardens,84439,16081,4.8566,8577,174
2022-08-31 05:00:06.355735,TheGreenEscape,107515,22491,4.8423,26733,510
2022-08-31 05:30:02.203339,NurseryRx,1285,1198,4.9464,597,25
2022-08-31 05:30:02.438356,JoyOfPlants,14645,6388,4.8647,1929,211
2022-08-31 05:30:02.672478,TWPTropical,12534,8188,4.6326,675,0
2022-08-31 05:30:02.901470,Botanicaz,46786,25045,4.907,8082,484
2022-08-31 05:30:03.136593,YourPlantBitch,10703,2738,4.3069,1473,294
2022-08-31 05:30:03.387952,PremierAesthetic,414,220,4.8659,179,65
2022-08-31 05:30:03.623245,PlantedPortland,12524,4034,4.7497,5106,160
2022-08-31 05:30:03.867413,MyPlantObsession,61529,9712,4.9031,4894,189
2022-08-31 05:30:04.117340,305Greenery,829,998,4.8871,248,302
2022-08-31 05:30:04.352878,WellspringGardens,72239,10499,4.7051,3116,243
2022-08-31 05:30:04.609323,VerdantLyfe,788,245,4.8667,120,163
2022-08-31 05:30:04.850460,coollectiveplants,5712,1735,4.8747,1277,56
2022-08-31 05:30:05.107545,HirtsGardens,302944,42446,4.8334,18967,871
2022-08-31 05:30:05.340608,lazygardens,30480,6387,4.9202,927,188
2022-08-31 05:30:05.558038,FloridaPlantsGardens,84439,16081,4.8566,8577,174
2022-08-31 05:30:05.880001,TheGreenEscape,107515,22492,4.8423,26733,508
2022-08-31 06:00:02.594290,NurseryRx,1285,1198,4.9464,597,25
2022-08-31 06:00:02.896807,JoyOfPlants,14645,6388,4.8647,1929,208
2022-08-31 06:00:03.216261,TWPTropical,12534,8188,4.6326,675,0
2022-08-31 06:00:03.505734,Botanicaz,46787,25045,4.907,8082,483
2022-08-31 06:00:03.785738,YourPlantBitch,10704,2738,4.3069,1473,294
2022-08-31 06:00:04.051448,PremierAesthetic,414,220,4.8659,179,65
2022-08-31 06:00:04.341848,PlantedPortland,12528,4035,4.7497,5106,160
2022-08-31 06:00:04.610753,MyPlantObsession,61529,9712,4.9031,4894,189
2022-08-31 06:00:04.925949,305Greenery,829,998,4.8871,248,302
2022-08-31 06:00:05.194753,WellspringGardens,72239,10499,4.7051,3116,243
2022-08-31 06:00:05.448597,VerdantLyfe,788,245,4.8667,120,163
2022-08-31 06:00:05.703164,coollectiveplants,5712,1735,4.8747,1277,56
2022-08-31 06:00:06.048741,HirtsGardens,302947,42447,4.8334,18971,871
2022-08-31 06:00:06.314055,lazygardens,30480,6387,4.9159,928,188
2022-08-31 06:00:06.594487,FloridaPlantsGardens,84439,16081,4.8566,8577,174
2022-08-31 06:00:06.985329,TheGreenEscape,107517,22493,4.8423,26736,508
2022-08-31 06:30:01.701810,NurseryRx,1285,1198,4.9464,597,25
2022-08-31 06:30:01.930671,JoyOfPlants,14645,6388,4.8647,1929,208
2022-08-31 06:30:02.248050,TWPTropical,12534,8188,4.6326,675,0
2022-08-31 06:30:02.550981,Botanicaz,46788,25045,4.907,8082,482
2022-08-31 06:30:02.765664,YourPlantBitch,10704,2738,4.3069,1473,294
2022-08-31 06:30:03.055694,PremierAesthetic,414,220,4.8659,179,65
2022-08-31 06:30:03.279511,PlantedPortland,12528,4037,4.7498,5107,160
2022-08-31 06:30:03.531756,MyPlantObsession,61529,9712,4.9031,4894,189
2022-08-31 06:30:03.771118,305Greenery,829,998,4.8871,248,302
2022-08-31 06:30:04.006894,WellspringGardens,72239,10499,4.7051,3116,243
2022-08-31 06:30:04.303107,VerdantLyfe,788,245,4.8667,120,163
2022-08-31 06:30:04.528882,coollectiveplants,5712,1736,4.8747,1277,56
2022-08-31 06:30:04.765448,HirtsGardens,302949,42447,4.8334,18971,871
2022-08-31 06:30:05.029435,lazygardens,30481,6387,4.9159,928,188
2022-08-31 06:30:05.283544,FloridaPlantsGardens,84440,16081,4.8566,8577,174
2022-08-31 06:30:05.634745,TheGreenEscape,107518,22494,4.842,26745,508
2022-08-31 07:00:02.317238,NurseryRx,1285,1198,4.9464,597,25
2022-08-31 07:00:02.582219,JoyOfPlants,14645,6388,4.8647,1929,208
2022-08-31 07:00:02.802058,TWPTropical,12534,8188,4.6326,675,0
2022-08-31 07:00:03.044977,Botanicaz,46788,25045,4.907,8082,482
2022-08-31 07:00:03.264101,YourPlantBitch,10707,2738,4.3069,1473,294
2022-08-31 07:00:03.505697,PremierAesthetic,414,220,4.8659,179,65
2022-08-31 07:00:03.721150,PlantedPortland,12530,4037,4.7499,5109,160
2022-08-31 07:00:03.975083,MyPlantObsession,61529,9712,4.9031,4894,189
2022-08-31 07:00:04.200242,305Greenery,829,998,4.8871,248,302
2022-08-31 07:00:04.459190,WellspringGardens,72239,10499,4.7051,3116,243
2022-08-31 07:00:04.689472,VerdantLyfe,788,245,4.8667,120,163
2022-08-31 07:00:04.927131,coollectiveplants,5712,1736,4.8747,1277,56
2022-08-31 07:00:05.173442,HirtsGardens,302951,42448,4.8334,18972,870
2022-08-31 07:00:05.444479,lazygardens,30481,6387,4.9159,928,188
2022-08-31 07:00:05.678786,FloridaPlantsGardens,84442,16081,4.8566,8577,176
2022-08-31 07:00:06.022545,TheGreenEscape,107525,22496,4.842,26748,507
2022-08-31 07:30:01.723396,NurseryRx,1285,1198,4.9464,597,25
2022-08-31 07:30:01.982261,JoyOfPlants,14645,6388,4.8646,1928,208
2022-08-31 07:30:02.251612,TWPTropical,12534,8188,4.6326,675,0
2022-08-31 07:30:02.482957,Botanicaz,46788,25045,4.907,8082,482
2022-08-31 07:30:02.717767,YourPlantBitch,10708,2739,4.3069,1473,294
2022-08-31 07:30:02.991655,PremierAesthetic,414,220,4.8659,179,65
2022-08-31 07:30:03.211806,PlantedPortland,12530,4037,4.7499,5110,160
2022-08-31 07:30:03.433513,MyPlantObsession,61529,9712,4.9031,4894,189
2022-08-31 07:30:03.681059,305Greenery,829,998,4.8871,248,302
2022-08-31 07:30:03.909289,WellspringGardens,72239,10499,4.7051,3116,243
2022-08-31 07:30:04.135529,VerdantLyfe,788,245,4.8667,120,163
2022-08-31 07:30:04.386753,coollectiveplants,5717,1737,4.8747,1277,56
2022-08-31 07:30:04.602295,HirtsGardens,302952,42448,4.8335,18972,870
2022-08-31 07:30:04.831035,lazygardens,30481,6387,4.9159,928,188
2022-08-31 07:30:05.053244,FloridaPlantsGardens,84442,16081,4.8566,8576,176
2022-08-31 07:30:05.381185,TheGreenEscape,107534,22497,4.842,26752,507
2022-08-31 08:00:02.099915,NurseryRx,1285,1198,4.9464,597,25
2022-08-31 08:00:02.371972,JoyOfPlants,14645,6389,4.8646,1928,208
2022-08-31 08:00:02.664777,TWPTropical,12534,8188,4.6326,675,0
2022-08-31 08:00:02.947149,Botanicaz,46789,25045,4.907,8082,481
2022-08-31 08:00:03.302279,YourPlantBitch,10712,2740,4.3078,1475,294
2022-08-31 08:00:03.546145,PremierAesthetic,414,220,4.8659,179,65
2022-08-31 08:00:03.793509,PlantedPortland,12530,4038,4.75,5113,160
2022-08-31 08:00:04.078134,MyPlantObsession,61530,9712,4.9031,4894,189
2022-08-31 08:00:04.386759,305Greenery,829,998,4.8871,248,302
2022-08-31 08:00:04.644158,WellspringGardens,72239,10499,4.7051,3116,243
2022-08-31 08:00:04.884887,VerdantLyfe,788,245,4.8667,120,163
2022-08-31 08:00:05.126089,coollectiveplants,5719,1738,4.8748,1278,56
2022-08-31 08:00:05.375231,HirtsGardens,302954,42449,4.8335,18972,876
2022-08-31 08:00:05.723103,lazygardens,30481,6387,4.9159,928,188
2022-08-31 08:00:05.973917,FloridaPlantsGardens,84442,16082,4.8565,8574,176
2022-08-31 08:00:06.360972,TheGreenEscape,107546,22500,4.842,26753,507
2022-08-31 08:30:02.138151,NurseryRx,1285,1198,4.9464,597,25
2022-08-31 08:30:02.412838,JoyOfPlants,14645,6389,4.8646,1928,208
2022-08-31 08:30:02.822183,TWPTropical,12534,8188,4.6326,675,0
2022-08-31 08:30:03.086191,Botanicaz,46789,25046,4.9069,8081,481
2022-08-31 08:30:03.338932,YourPlantBitch,10712,2740,4.3078,1475,294
2022-08-31 08:30:03.609425,PremierAesthetic,414,220,4.8659,179,65
2022-08-31 08:30:03.875397,PlantedPortland,12530,4038,4.7493,5114,160
2022-08-31 08:30:04.146321,MyPlantObsession,61530,9712,4.9031,4894,189
2022-08-31 08:30:04.396663,305Greenery,829,998,4.8871,248,302
2022-08-31 08:30:04.650850,WellspringGardens,72239,10499,4.7051,3116,243
2022-08-31 08:30:04.892811,VerdantLyfe,788,245,4.8667,120,163
2022-08-31 08:30:05.153962,coollectiveplants,5720,1739,4.8748,1278,56
2022-08-31 08:30:05.404372,HirtsGardens,302956,42449,4.8335,18971,880
2022-08-31 08:30:05.666250,lazygardens,30481,6387,4.9159,928,188
2022-08-31 08:30:05.968106,FloridaPlantsGardens,84443,16084,4.8565,8573,176
2022-08-31 08:30:06.367095,TheGreenEscape,107548,22502,4.842,26753,508
2022-08-31 09:00:02.092899,NurseryRx,1285,1198,4.9464,597,25
2022-08-31 09:00:02.343354,JoyOfPlants,14646,6389,4.8646,1928,206
2022-08-31 09:00:02.683216,TWPTropical,12534,8188,4.6326,675,0
2022-08-31 09:00:02.924031,Botanicaz,46797,25046,4.9069,8081,473
2022-08-31 09:00:03.152481,YourPlantBitch,10713,2740,4.3078,1475,294
2022-08-31 09:00:03.434934,PremierAesthetic,414,220,4.8659,179,65
2022-08-31 09:00:03.679919,PlantedPortland,12531,4038,4.7493,5114,160
2022-08-31 09:00:03.960697,MyPlantObsession,61530,9712,4.9031,4894,189
2022-08-31 09:00:04.208025,305Greenery,829,998,4.8871,248,302
2022-08-31 09:00:04.471696,WellspringGardens,72243,10499,4.7051,3116,243
2022-08-31 09:00:04.695707,VerdantLyfe,788,245,4.8667,120,163
2022-08-31 09:00:04.953396,coollectiveplants,5726,1740,4.8749,1279,56
2022-08-31 09:00:05.195317,HirtsGardens,302957,42450,4.8335,18971,885
2022-08-31 09:00:05.459457,lazygardens,30481,6387,4.9159,928,188
2022-08-31 09:00:05.731680,FloridaPlantsGardens,84443,16084,4.8565,8573,176
2022-08-31 09:00:06.063525,TheGreenEscape,107545,22502,4.8421,26758,508
2022-08-31 09:30:01.791304,NurseryRx,1285,1198,4.9463,596,25
2022-08-31 09:30:02.032345,JoyOfPlants,14646,6390,4.8646,1928,206
2022-08-31 09:30:02.286160,TWPTropical,12534,8188,4.6326,675,0
2022-08-31 09:30:02.528565,Botanicaz,46797,25046,4.9069,8081,473
2022-08-31 09:30:02.778189,YourPlantBitch,10714,2740,4.3078,1475,294
2022-08-31 09:30:03.073922,PremierAesthetic,414,220,4.8659,179,65
2022-08-31 09:30:03.310326,PlantedPortland,12524,4039,4.7493,5114,160
2022-08-31 09:30:03.586869,MyPlantObsession,61531,9712,4.9032,4895,189
2022-08-31 09:30:03.843619,305Greenery,829,998,4.8871,248,302
2022-08-31 09:30:04.087811,WellspringGardens,72243,10499,4.7053,3118,243
2022-08-31 09:30:04.322413,VerdantLyfe,788,245,4.8667,120,163
2022-08-31 09:30:04.558784,coollectiveplants,5726,1740,4.8749,1279,56
2022-08-31 09:30:04.798613,HirtsGardens,302957,42450,4.8335,18972,886
2022-08-31 09:30:05.064542,lazygardens,30481,6387,4.9159,928,188
2022-08-31 09:30:05.316949,FloridaPlantsGardens,84443,16083,4.8565,8572,176
2022-08-31 09:30:05.671971,TheGreenEscape,107544,22505,4.8421,26766,507
2022-08-31 10:00:02.339520,NurseryRx,1285,1198,4.9463,596,25
2022-08-31 10:00:02.562817,JoyOfPlants,14646,6390,4.8646,1928,206
2022-08-31 10:00:02.783352,TWPTropical,12534,8188,4.6326,675,0
2022-08-31 10:00:03.007001,Botanicaz,46797,25046,4.9069,8079,473
2022-08-31 10:00:03.250417,YourPlantBitch,10714,2740,4.3078,1475,294
2022-08-31 10:00:03.471112,PremierAesthetic,414,220,4.8659,179,65
2022-08-31 10:00:03.681789,PlantedPortland,12527,4040,4.7494,5115,159
2022-08-31 10:00:03.893751,MyPlantObsession,61530,9712,4.9031,4893,189
2022-08-31 10:00:04.112591,305Greenery,829,998,4.8871,248,301
2022-08-31 10:00:04.358920,WellspringGardens,72244,10497,4.7053,3118,243
2022-08-31 10:00:04.610265,VerdantLyfe,788,245,4.8667,120,163
2022-08-31 10:00:04.815467,coollectiveplants,5726,1740,4.8749,1279,56
2022-08-31 10:00:05.047983,HirtsGardens,302957,42451,4.8337,18972,888
2022-08-31 10:00:05.278913,lazygardens,30481,6387,4.9159,928,188
2022-08-31 10:00:05.487725,FloridaPlantsGardens,84446,16083,4.8565,8573,176
2022-08-31 10:00:05.819327,TheGreenEscape,107548,22505,4.8421,26766,507
2022-08-31 10:30:04.667828,NurseryRx,1285,1198,4.9463,596,25
2022-08-31 10:30:05.103646,JoyOfPlants,14647,6390,4.8646,1928,205
2022-08-31 10:30:05.563105,TWPTropical,12534,8188,4.6326,675,0
2022-08-31 10:30:06.108603,Botanicaz,46797,25046,4.9069,8079,471
2022-08-31 10:30:06.604715,YourPlantBitch,10714,2740,4.3078,1475,294
2022-08-31 10:30:07.071533,PremierAesthetic,414,220,4.8659,179,65
2022-08-31 10:30:07.529999,PlantedPortland,12526,4042,4.7494,5116,159
2022-08-31 10:30:07.768105,MyPlantObsession,61530,9712,4.9031,4893,189
2022-08-31 10:30:07.981861,305Greenery,829,998,4.8871,248,301
2022-08-31 10:30:08.221947,WellspringGardens,72244,10497,4.7052,3117,243
2022-08-31 10:30:08.453567,VerdantLyfe,788,245,4.8667,120,163
2022-08-31 10:30:08.714112,coollectiveplants,5729,1740,4.8749,1279,56
2022-08-31 10:30:09.047943,HirtsGardens,302958,42451,4.8337,18975,889
2022-08-31 10:30:09.428142,lazygardens,30480,6387,4.9159,928,188
2022-08-31 10:30:09.823649,FloridaPlantsGardens,84447,16083,4.8565,8572,176
2022-08-31 10:30:10.128905,TheGreenEscape,107551,22507,4.8421,26770,507
2022-08-31 11:00:01.862973,NurseryRx,1285,1198,4.9463,596,25
2022-08-31 11:00:02.177413,JoyOfPlants,14647,6390,4.8646,1928,205
2022-08-31 11:00:02.471658,TWPTropical,12534,8188,4.6326,675,0
2022-08-31 11:00:02.716182,Botanicaz,46798,25047,4.9069,8079,470
2022-08-31 11:00:02.991458,YourPlantBitch,10715,2740,4.3078,1475,294
2022-08-31 11:00:03.233611,PremierAesthetic,414,220,4.8659,179,65
2022-08-31 11:00:03.472352,PlantedPortland,12528,4042,4.7494,5116,159
2022-08-31 11:00:03.774172,MyPlantObsession,61530,9712,4.9031,4894,189
2022-08-31 11:00:04.043207,305Greenery,830,999,4.8871,248,300
2022-08-31 11:00:04.292183,WellspringGardens,72244,10497,4.7061,3113,243
2022-08-31 11:00:04.612434,VerdantLyfe,788,245,4.8667,120,163
2022-08-31 11:00:04.916358,coollectiveplants,5729,1740,4.8749,1279,56
2022-08-31 11:00:05.167652,HirtsGardens,302961,42451,4.8337,18971,890
2022-08-31 11:00:05.441812,lazygardens,30480,6387,4.9159,928,188
2022-08-31 11:00:05.689560,FloridaPlantsGardens,84447,16083,4.8564,8568,177
2022-08-31 11:00:06.057361,TheGreenEscape,107560,22508,4.8421,26765,507
2022-08-31 11:30:01.785296,NurseryRx,1285,1198,4.9463,596,25
2022-08-31 11:30:02.034703,JoyOfPlants,14648,6390,4.8646,1927,205
2022-08-31 11:30:02.348490,TWPTropical,12534,8188,4.6326,675,0
2022-08-31 11:30:02.601400,Botanicaz,46799,25047,4.9067,8080,469
2022-08-31 11:30:02.831797,YourPlantBitch,10716,2740,4.3078,1475,294
2022-08-31 11:30:03.086467,PremierAesthetic,414,220,4.8659,179,65
2022-08-31 11:30:03.322154,PlantedPortland,12532,4042,4.7494,5116,159
2022-08-31 11:30:03.615201,MyPlantObsession,61530,9712,4.9031,4893,189
2022-08-31 11:30:03.890250,305Greenery,830,999,4.8871,248,300
2022-08-31 11:30:04.130897,WellspringGardens,72245,10498,4.7061,3113,243
2022-08-31 11:30:04.397300,VerdantLyfe,788,245,4.8667,120,163
2022-08-31 11:30:04.670749,coollectiveplants,5732,1742,4.8749,1279,55
2022-08-31 11:30:04.931416,HirtsGardens,302965,42453,4.8337,18974,889
2022-08-31 11:30:05.189083,lazygardens,30480,6387,4.9159,928,188
2022-08-31 11:30:05.453919,FloridaPlantsGardens,84447,16082,4.8565,8569,177
2022-08-31 11:30:05.858744,TheGreenEscape,107565,22507,4.8421,26765,507
2022-08-31 12:00:02.614076,NurseryRx,1285,1198,4.9463,596,25
2022-08-31 12:00:02.852640,JoyOfPlants,14648,6390,4.8646,1927,205
2022-08-31 12:00:03.116666,TWPTropical,12534,8188,4.6326,675,0
2022-08-31 12:00:03.357346,Botanicaz,46799,25047,4.9067,8080,469
2022-08-31 12:00:03.599044,YourPlantBitch,10716,2741,4.3078,1475,294
2022-08-31 12:00:03.870898,PremierAesthetic,414,220,4.8659,179,65
2022-08-31 12:00:04.096261,PlantedPortland,12532,4043,4.7495,5117,159
2022-08-31 12:00:04.350227,MyPlantObsession,61530,9712,4.9031,4891,189
2022-08-31 12:00:04.560674,305Greenery,831,999,4.8871,248,300
2022-08-31 12:00:04.814810,WellspringGardens,72245,10498,4.7062,3114,243
2022-08-31 12:00:05.052562,VerdantLyfe,788,245,4.8667,120,163
2022-08-31 12:00:05.271042,coollectiveplants,5732,1743,4.8749,1279,55
2022-08-31 12:00:05.504002,HirtsGardens,302979,42454,4.8337,18975,889
2022-08-31 12:00:05.740668,lazygardens,30480,6387,4.9159,928,188
2022-08-31 12:00:05.973160,FloridaPlantsGardens,84452,16082,4.8564,8568,177
2022-08-31 12:00:06.292271,TheGreenEscape,107565,22509,4.8421,26765,507
2022-08-31 12:30:01.994744,NurseryRx,1285,1198,4.9463,596,25
2022-08-31 12:30:02.251348,JoyOfPlants,14648,6390,4.8646,1927,205
2022-08-31 12:30:02.671053,TWPTropical,12534,8188,4.6326,675,0
2022-08-31 12:30:02.904642,Botanicaz,46803,25048,4.9067,8080,465
2022-08-31 12:30:03.154541,YourPlantBitch,10716,2741,4.3078,1475,294
2022-08-31 12:30:03.429718,PremierAesthetic,409,220,4.8659,179,64
2022-08-31 12:30:03.674213,PlantedPortland,12532,4044,4.7495,5118,159
2022-08-31 12:30:03.914064,MyPlantObsession,61530,9712,4.9031,4892,189
2022-08-31 12:30:04.155484,305Greenery,831,999,4.8871,248,300
2022-08-31 12:30:04.400847,WellspringGardens,72245,10498,4.7062,3114,243
2022-08-31 12:30:04.635670,VerdantLyfe,788,245,4.8667,120,163
2022-08-31 12:30:04.978305,coollectiveplants,5735,1743,4.8749,1279,55
2022-08-31 12:30:05.266054,HirtsGardens,302982,42455,4.8337,18970,888
2022-08-31 12:30:05.557995,lazygardens,30480,6387,4.9159,928,188
2022-08-31 12:30:05.877053,FloridaPlantsGardens,84452,16083,4.8565,8567,177
2022-08-31 12:30:06.233323,TheGreenEscape,107569,22512,4.8422,26766,507
2022-08-31 13:00:01.969447,NurseryRx,1285,1198,4.9463,596,25
2022-08-31 13:00:02.229665,JoyOfPlants,14648,6390,4.8646,1927,204
2022-08-31 13:00:02.525968,TWPTropical,12534,8188,4.6326,675,0
2022-08-31 13:00:02.796227,Botanicaz,46803,25048,4.9067,8081,466
2022-08-31 13:00:03.045117,YourPlantBitch,10718,2741,4.3078,1475,294
2022-08-31 13:00:03.313873,PremierAesthetic,409,220,4.8659,179,64
2022-08-31 13:00:03.579042,PlantedPortland,12532,4046,4.7496,5120,159
2022-08-31 13:00:03.869743,MyPlantObsession,61534,9712,4.9031,4892,189
2022-08-31 13:00:04.144707,305Greenery,831,999,4.8871,248,300
2022-08-31 13:00:04.418895,WellspringGardens,72245,10498,4.7062,3114,243
2022-08-31 13:00:04.695146,VerdantLyfe,788,245,4.8667,120,163
2022-08-31 13:00:04.954334,coollectiveplants,5735,1744,4.8749,1279,55
2022-08-31 13:00:05.239622,HirtsGardens,302983,42455,4.8337,18970,884
2022-08-31 13:00:05.507191,lazygardens,30480,6387,4.9159,928,188
2022-08-31 13:00:05.771907,FloridaPlantsGardens,84453,16083,4.8565,8567,177
2022-08-31 13:00:06.125189,TheGreenEscape,107573,22513,4.8422,26766,507
2022-08-31 13:30:02.332488,NurseryRx,1285,1199,4.9463,596,25
2022-08-31 13:30:02.622775,JoyOfPlants,14648,6390,4.8646,1927,204
2022-08-31 13:30:02.873696,TWPTropical,12534,8188,4.6326,675,0
2022-08-31 13:30:03.152689,Botanicaz,46803,25047,4.9067,8081,466
2022-08-31 13:30:03.396179,YourPlantBitch,10723,2742,4.3078,1475,294
2022-08-31 13:30:03.673230,PremierAesthetic,410,220,4.8659,179,64
2022-08-31 13:30:03.960189,PlantedPortland,12541,4046,4.7496,5120,160
2022-08-31 13:30:04.218692,MyPlantObsession,61537,9711,4.9031,4893,188
2022-08-31 13:30:04.473033,305Greenery,831,999,4.8871,248,300
2022-08-31 13:30:04.727631,WellspringGardens,72245,10498,4.7062,3114,243
2022-08-31 13:30:04.955024,VerdantLyfe,788,245,4.8667,120,163
2022-08-31 13:30:05.197488,coollectiveplants,5735,1744,4.8749,1279,55
2022-08-31 13:30:05.454695,HirtsGardens,302983,42455,4.8338,18978,884
2022-08-31 13:30:05.705554,lazygardens,30480,6387,4.9159,927,188
2022-08-31 13:30:05.973040,FloridaPlantsGardens,84454,16086,4.8565,8567,177
2022-08-31 13:30:06.314271,TheGreenEscape,107573,22515,4.8422,26766,507
2022-08-31 14:00:02.063976,NurseryRx,1285,1199,4.9463,596,25
2022-08-31 14:00:02.326666,JoyOfPlants,14648,6391,4.8646,1927,204
2022-08-31 14:00:02.579952,TWPTropical,12534,8188,4.6326,675,0
2022-08-31 14:00:02.871481,Botanicaz,46805,25048,4.9067,8082,490
2022-08-31 14:00:03.160871,YourPlantBitch,10725,2742,4.3078,1475,294
2022-08-31 14:00:03.413001,PremierAesthetic,410,220,4.8659,179,64
2022-08-31 14:00:03.650819,PlantedPortland,12545,4046,4.7497,5121,160
2022-08-31 14:00:03.889700,MyPlantObsession,61537,9711,4.9031,4894,188
2022-08-31 14:00:04.142050,305Greenery,831,999,4.8871,248,300
2022-08-31 14:00:04.406685,WellspringGardens,72245,10498,4.7062,3114,243
2022-08-31 14:00:04.638109,VerdantLyfe,788,245,4.8667,120,163
2022-08-31 14:00:04.874141,coollectiveplants,5735,1745,4.8749,1279,55
2022-08-31 14:00:05.115324,HirtsGardens,302987,42455,4.834,18977,883
2022-08-31 14:00:05.361600,lazygardens,30480,6387,4.9159,927,188
2022-08-31 14:00:05.639071,FloridaPlantsGardens,84455,16086,4.8565,8567,176
2022-08-31 14:00:06.090722,TheGreenEscape,107589,22515,4.8422,26765,507
2022-08-31 14:30:02.360601,NurseryRx,1285,1199,4.9463,596,25
2022-08-31 14:30:02.618439,JoyOfPlants,14648,6391,4.8646,1927,204
2022-08-31 14:30:02.899854,TWPTropical,12534,8188,4.6326,675,0
2022-08-31 14:30:03.164554,Botanicaz,46808,25048,4.9067,8081,488
2022-08-31 14:30:03.434679,YourPlantBitch,10725,2743,4.3078,1475,294
2022-08-31 14:30:03.696681,PremierAesthetic,410,220,4.8659,179,64
2022-08-31 14:30:03.937238,PlantedPortland,12551,4046,4.7497,5121,160
2022-08-31 14:30:04.145526,MyPlantObsession,61537,9712,4.9032,4895,189
2022-08-31 14:30:04.399905,305Greenery,831,999,4.8871,248,300
2022-08-31 14:30:04.653071,WellspringGardens,72245,10498,4.7062,3114,243
2022-08-31 14:30:04.884736,VerdantLyfe,788,245,4.8667,120,163
2022-08-31 14:30:05.084563,coollectiveplants,5735,1745,4.8749,1279,55
2022-08-31 14:30:05.291076,HirtsGardens,302996,42456,4.8339,18975,882
2022-08-31 14:30:05.512687,lazygardens,30481,6387,4.9159,927,188
2022-08-31 14:30:05.733940,FloridaPlantsGardens,84455,16086,4.8566,8568,176
2022-08-31 14:30:06.048925,TheGreenEscape,107596,22515,4.8422,26761,507
2022-08-31 15:00:01.816448,NurseryRx,1285,1199,4.9463,596,25
2022-08-31 15:00:02.087556,JoyOfPlants,14648,6391,4.8646,1927,204
2022-08-31 15:00:02.343061,TWPTropical,12534,8188,4.6326,675,0
2022-08-31 15:00:02.593750,Botanicaz,46809,25049,4.9067,8081,483
2022-08-31 15:00:02.826600,YourPlantBitch,10725,2743,4.3078,1475,294
2022-08-31 15:00:03.159986,PremierAesthetic,410,220,4.8659,179,64
2022-08-31 15:00:03.409901,PlantedPortland,12557,4047,4.7497,5122,160
2022-08-31 15:00:03.755073,MyPlantObsession,61539,9712,4.9032,4897,189
2022-08-31 15:00:03.999139,305Greenery,831,999,4.8871,248,300
2022-08-31 15:00:04.242181,WellspringGardens,72245,10498,4.7062,3114,243
2022-08-31 15:00:04.482987,VerdantLyfe,788,245,4.8667,120,163
2022-08-31 15:00:04.756662,coollectiveplants,5739,1745,4.8746,1284,54
2022-08-31 15:00:05.030863,HirtsGardens,302998,42458,4.8339,18973,881
2022-08-31 15:00:05.277398,lazygardens,30481,6387,4.9159,927,188
2022-08-31 15:00:05.565006,FloridaPlantsGardens,84455,16086,4.8566,8568,176
2022-08-31 15:00:05.972992,TheGreenEscape,107603,22517,4.8422,26761,507
2022-08-31 15:30:01.716517,NurseryRx,1285,1199,4.9463,596,25
2022-08-31 15:30:01.983123,JoyOfPlants,14648,6392,4.8646,1927,204
2022-08-31 15:30:02.235100,TWPTropical,12534,8188,4.6326,675,0
2022-08-31 15:30:02.449272,Botanicaz,46810,25049,4.9067,8081,486
2022-08-31 15:30:02.654298,YourPlantBitch,10725,2743,4.3073,1474,294
2022-08-31 15:30:02.917000,PremierAesthetic,410,220,4.8659,179,64
2022-08-31 15:30:03.130144,PlantedPortland,12559,4048,4.7498,5123,160
2022-08-31 15:30:03.400398,MyPlantObsession,61539,9712,4.9032,4897,189
2022-08-31 15:30:03.660965,305Greenery,831,999,4.8871,248,300
2022-08-31 15:30:03.874793,WellspringGardens,72245,10498,4.7062,3114,243
2022-08-31 15:30:04.088027,VerdantLyfe,788,245,4.8667,120,163
2022-08-31 15:30:04.320107,coollectiveplants,5740,1746,4.8745,1283,54
2022-08-31 15:30:04.529268,HirtsGardens,302998,42458,4.8339,18973,881
2022-08-31 15:30:04.747391,lazygardens,30481,6387,4.9159,927,188
2022-08-31 15:30:04.973280,FloridaPlantsGardens,84458,16086,4.8566,8569,176
2022-08-31 15:30:05.314503,TheGreenEscape,107616,22518,4.8422,26760,507
2022-08-31 16:00:02.072754,NurseryRx,1285,1199,4.9463,596,25
2022-08-31 16:00:02.307148,JoyOfPlants,14648,6392,4.8646,1927,204
2022-08-31 16:00:02.588938,TWPTropical,12534,8188,4.6326,675,0
2022-08-31 16:00:02.833953,Botanicaz,46810,25049,4.9067,8081,486
2022-08-31 16:00:03.069505,YourPlantBitch,10727,2743,4.3073,1474,294
2022-08-31 16:00:03.301224,PremierAesthetic,410,220,4.8659,179,64
2022-08-31 16:00:03.631784,PlantedPortland,12563,4048,4.7498,5123,160
2022-08-31 16:00:03.879965,MyPlantObsession,61539,9712,4.9032,4896,189
2022-08-31 16:00:04.150295,305Greenery,831,999,4.8871,248,300
2022-08-31 16:00:04.388041,WellspringGardens,72250,10499,4.7063,3115,243
2022-08-31 16:00:04.610006,VerdantLyfe,788,244,4.8667,120,163
2022-08-31 16:00:04.853878,coollectiveplants,5744,1747,4.8745,1283,54
2022-08-31 16:00:05.136506,HirtsGardens,303000,42458,4.8338,18972,881
2022-08-31 16:00:05.377911,lazygardens,30481,6387,4.9159,927,188
2022-08-31 16:00:05.619499,FloridaPlantsGardens,84458,16086,4.8565,8565,176
2022-08-31 16:00:05.948894,TheGreenEscape,107621,22517,4.8421,26759,507
2022-08-31 16:30:02.178761,NurseryRx,1285,1199,4.9463,596,25
2022-08-31 16:30:02.757910,JoyOfPlants,14648,6392,4.8646,1927,204
2022-08-31 16:30:03.016286,TWPTropical,12534,8188,4.6326,675,0
2022-08-31 16:30:03.324419,Botanicaz,46810,25049,4.9067,8082,520
2022-08-31 16:30:03.635077,YourPlantBitch,10727,2744,4.3073,1474,294
2022-08-31 16:30:03.977013,PremierAesthetic,410,220,4.8659,179,64
2022-08-31 16:30:04.389104,PlantedPortland,12572,4048,4.7498,5124,160
2022-08-31 16:30:04.939070,MyPlantObsession,61539,9713,4.9031,4892,189
2022-08-31 16:30:05.287492,305Greenery,831,999,4.8871,248,300
2022-08-31 16:30:05.986577,WellspringGardens,72250,10499,4.7063,3115,243
2022-08-31 16:30:06.594408,VerdantLyfe,788,244,4.8667,120,163
2022-08-31 16:30:07.322083,coollectiveplants,5746,1747,4.8745,1283,54
2022-08-31 16:30:07.731191,HirtsGardens,303001,42458,4.8338,18970,881
2022-08-31 16:30:08.170341,lazygardens,30481,6387,4.9158,926,188
2022-08-31 16:30:08.690878,FloridaPlantsGardens,84458,16086,4.8565,8565,176
2022-08-31 16:30:09.293562,TheGreenEscape,107623,22516,4.8421,26759,508
2022-08-31 17:00:02.043490,NurseryRx,1285,1199,4.9463,596,25
2022-08-31 17:00:02.279375,JoyOfPlants,14648,6392,4.8646,1927,204
2022-08-31 17:00:02.501745,TWPTropical,12534,8188,4.6326,675,0
2022-08-31 17:00:02.743521,Botanicaz,46813,25050,4.9068,8086,517
2022-08-31 17:00:02.995256,YourPlantBitch,10727,2744,4.3078,1475,294
2022-08-31 17:00:03.252251,PremierAesthetic,410,221,4.8659,179,64
2022-08-31 17:00:03.491325,PlantedPortland,12572,4048,4.7498,5127,160
2022-08-31 17:00:03.731549,MyPlantObsession,61539,9713,4.9031,4892,189
2022-08-31 17:00:03.942168,305Greenery,831,999,4.8871,248,300
2022-08-31 17:00:04.170699,WellspringGardens,72250,10499,4.7063,3115,243
2022-08-31 17:00:04.386116,VerdantLyfe,788,244,4.8667,120,163
2022-08-31 17:00:04.587891,coollectiveplants,5746,1749,4.8745,1283,54
2022-08-31 17:00:04.838435,HirtsGardens,303008,42458,4.8338,18969,881
2022-08-31 17:00:05.115942,lazygardens,30481,6388,4.9158,926,188
2022-08-31 17:00:05.340776,FloridaPlantsGardens,84459,16086,4.8565,8565,176
2022-08-31 17:00:05.673890,TheGreenEscape,107623,22516,4.8421,26759,509
2022-08-31 17:30:02.441200,NurseryRx,1285,1199,4.9463,596,25
2022-08-31 17:30:02.699953,JoyOfPlants,14648,6392,4.8646,1927,204
2022-08-31 17:30:02.920559,TWPTropical,12534,8188,4.632,674,0
2022-08-31 17:30:03.156750,Botanicaz,46815,25052,4.9068,8088,528
2022-08-31 17:30:03.401195,YourPlantBitch,10727,2744,4.304,1477,294
2022-08-31 17:30:03.626342,PremierAesthetic,410,221,4.8659,179,64
2022-08-31 17:30:03.856558,PlantedPortland,12581,4049,4.7498,5127,159
2022-08-31 17:30:04.071933,MyPlantObsession,61539,9713,4.9031,4892,189
2022-08-31 17:30:04.304494,305Greenery,831,999,4.8871,248,300
2022-08-31 17:30:04.528768,WellspringGardens,72251,10500,4.706,3112,243
2022-08-31 17:30:04.740050,VerdantLyfe,788,244,4.8667,120,163
2022-08-31 17:30:04.964166,coollectiveplants,5746,1749,4.8745,1283,54
2022-08-31 17:30:05.199849,HirtsGardens,303016,42457,4.8338,18974,881
2022-08-31 17:30:05.443132,lazygardens,30481,6389,4.9168,925,188
2022-08-31 17:30:05.699336,FloridaPlantsGardens,84461,16087,4.8565,8565,176
2022-08-31 17:30:06.006862,TheGreenEscape,107648,22518,4.8419,26760,509
2022-08-31 18:00:01.749095,NurseryRx,1285,1199,4.9463,596,25
2022-08-31 18:00:01.993040,JoyOfPlants,14648,6392,4.8645,1926,204
2022-08-31 18:00:02.218729,TWPTropical,12534,8188,4.632,674,0
2022-08-31 18:00:02.448487,Botanicaz,46815,25052,4.9068,8087,528
2022-08-31 18:00:02.686682,YourPlantBitch,10727,2744,4.304,1477,294
2022-08-31 18:00:02.919995,PremierAesthetic,410,221,4.8659,179,64
2022-08-31 18:00:03.146653,PlantedPortland,12585,4051,4.7495,5130,159
2022-08-31 18:00:03.383859,MyPlantObsession,61539,9713,4.9031,4892,189
2022-08-31 18:00:03.624032,305Greenery,831,999,4.8871,248,300
2022-08-31 18:00:03.865302,WellspringGardens,72251,10500,4.7061,3113,243
2022-08-31 18:00:04.088474,VerdantLyfe,788,244,4.8655,119,162
2022-08-31 18:00:04.358339,coollectiveplants,5746,1749,4.8745,1283,54
2022-08-31 18:00:04.577065,HirtsGardens,303018,42458,4.8338,18973,880
2022-08-31 18:00:04.823506,lazygardens,30481,6389,4.9177,924,188
2022-08-31 18:00:05.058192,FloridaPlantsGardens,84462,16087,4.8565,8564,176
2022-08-31 18:00:05.389913,TheGreenEscape,107662,22519,4.8418,26763,509
2022-08-31 18:30:02.245772,NurseryRx,1285,1199,4.9463,596,25
2022-08-31 18:30:02.547211,JoyOfPlants,14650,6392,4.8645,1926,204
2022-08-31 18:30:02.815369,TWPTropical,12534,8188,4.631,672,0
2022-08-31 18:30:03.077460,Botanicaz,46815,25053,4.9068,8087,528
2022-08-31 18:30:03.328072,YourPlantBitch,10727,2744,4.3043,1479,294
2022-08-31 18:30:03.590203,PremierAesthetic,410,221,4.8659,179,64
2022-08-31 18:30:03.844217,PlantedPortland,12586,4052,4.7497,5133,159
2022-08-31 18:30:04.102140,MyPlantObsession,61539,9713,4.9031,4892,189
2022-08-31 18:30:04.392424,305Greenery,831,999,4.8871,248,300
2022-08-31 18:30:04.655474,WellspringGardens,72251,10501,4.7062,3114,243
2022-08-31 18:30:04.935725,VerdantLyfe,788,244,4.8655,119,162
2022-08-31 18:30:05.189781,coollectiveplants,5746,1749,4.8745,1283,54
2022-08-31 18:30:05.438489,HirtsGardens,303027,42458,4.834,18973,880
2022-08-31 18:30:05.703956,lazygardens,30481,6389,4.9177,924,188
2022-08-31 18:30:05.963787,FloridaPlantsGardens,84462,16087,4.8565,8564,176
2022-08-31 18:30:06.303385,TheGreenEscape,107683,22522,4.8418,26765,508
2022-08-31 19:00:02.012192,NurseryRx,1285,1199,4.9465,598,25
2022-08-31 19:00:02.295290,JoyOfPlants,14651,6392,4.8645,1926,204
2022-08-31 19:00:02.525047,TWPTropical,12534,8188,4.631,672,0
2022-08-31 19:00:02.799679,Botanicaz,46815,25053,4.9068,8087,528
2022-08-31 19:00:03.041182,YourPlantBitch,10727,2744,4.302,1480,294
2022-08-31 19:00:03.286725,PremierAesthetic,410,221,4.8659,179,64
2022-08-31 19:00:03.605808,PlantedPortland,12586,4052,4.749,5135,159
2022-08-31 19:00:03.860042,MyPlantObsession,61539,9714,4.9031,4892,193
2022-08-31 19:00:04.094545,305Greenery,831,999,4.8871,248,300
2022-08-31 19:00:04.341270,WellspringGardens,72252,10502,4.706,3112,243
2022-08-31 19:00:04.627485,VerdantLyfe,788,244,4.8655,119,162
2022-08-31 19:00:04.867564,coollectiveplants,5748,1749,4.8745,1283,53
2022-08-31 19:00:05.268238,HirtsGardens,303033,42458,4.834,18974,879
2022-08-31 19:00:05.899183,lazygardens,30481,6389,4.9177,924,188
2022-08-31 19:00:06.371336,FloridaPlantsGardens,84463,16087,4.8566,8568,176
2022-08-31 19:00:07.039984,TheGreenEscape,107687,22524,4.8419,26766,508
2022-08-31 19:30:01.791319,NurseryRx,1285,1199,4.9465,598,25
2022-08-31 19:30:02.274062,JoyOfPlants,14651,6392,4.8645,1926,204
2022-08-31 19:30:02.711485,TWPTropical,12534,8188,4.631,672,0
2022-08-31 19:30:03.207013,Botanicaz,46819,25054,4.9068,8089,524
2022-08-31 19:30:03.576039,YourPlantBitch,10727,2744,4.3016,1479,294
2022-08-31 19:30:05.866525,PremierAesthetic,412,221,4.8659,179,62
2022-08-31 19:30:06.126301,PlantedPortland,12590,4053,4.7487,5137,158
2022-08-31 19:30:06.364486,MyPlantObsession,61540,9714,4.9031,4891,193
2022-08-31 19:30:06.692969,305Greenery,831,999,4.8871,248,300
2022-08-31 19:30:07.003760,WellspringGardens,72254,10502,4.706,3112,243
2022-08-31 19:30:07.254723,VerdantLyfe,788,244,4.8655,119,162
2022-08-31 19:30:07.496325,coollectiveplants,5754,1749,4.8745,1283,53
2022-08-31 19:30:07.760193,HirtsGardens,303035,42458,4.834,18975,878
2022-08-31 19:30:08.100201,lazygardens,30481,6389,4.9177,924,188
2022-08-31 19:30:08.428696,FloridaPlantsGardens,84467,16087,4.8566,8568,176
2022-08-31 19:30:08.860342,TheGreenEscape,107691,22525,4.8419,26770,508
2022-08-31 20:00:02.654821,NurseryRx,1285,1199,4.9465,598,25
2022-08-31 20:00:02.905421,JoyOfPlants,14651,6392,4.8645,1926,204
2022-08-31 20:00:03.134627,TWPTropical,12534,8188,4.631,672,0
2022-08-31 20:00:03.410988,Botanicaz,46820,25056,4.9068,8088,523
2022-08-31 20:00:03.648982,YourPlantBitch,10731,2744,4.3016,1479,293
2022-08-31 20:00:03.889911,PremierAesthetic,412,221,4.8659,179,62
2022-08-31 20:00:04.149620,PlantedPortland,12599,4053,4.7484,5139,157
2022-08-31 20:00:04.369800,MyPlantObsession,61541,9714,4.903,4885,193
2022-08-31 20:00:04.600057,305Greenery,831,999,4.8871,248,300
2022-08-31 20:00:04.815896,WellspringGardens,72254,10502,4.7057,3109,241
2022-08-31 20:00:05.048428,VerdantLyfe,788,244,4.8655,119,162
2022-08-31 20:00:05.272861,coollectiveplants,5755,1749,4.8745,1283,53
2022-08-31 20:00:05.543195,HirtsGardens,303036,42458,4.834,18974,878
2022-08-31 20:00:05.791446,lazygardens,30481,6389,4.9177,924,188
2022-08-31 20:00:06.064036,FloridaPlantsGardens,84470,16087,4.8565,8566,176
2022-08-31 20:00:06.448046,TheGreenEscape,107695,22528,4.8419,26770,510
